<?xml version="1.0"?>
<!DOCTYPE hibernate-mapping PUBLIC "-//Hibernate/Hibernate Mapping DTD 3.0//EN"
"http://hibernate.sourceforge.net/hibernate-mapping-3.0.dtd">
<!-- Generated 4 juin 2017 23:31:35 by Hibernate Tools 3.5.0.Final -->
<hibernate-mapping>
    <class name="com.bo.Bien" table="BIEN">
        <id name="idBien" type="int">
            <column name="IDBIEN" />
            <generator class="increment" />
        </id>
        <property name="prix" type="double">
            <column name="PRIX" />
        </property>
        <property name="dateAjout" type="java.util.Date">
            <column name="DATEAJOUT" />
        </property>
        <property name="surface" type="double">
            <column name="SURFACE" />
        </property>
        <property name="adresse" type="java.lang.String">
            <column name="ADRESSE" />
        </property>
        <property name="nbChambre" type="int">
            <column name="NBCHAMBRE" />
        </property>
        <property name="nbGarage" type="int">
            <column name="NBGARAGE" />
        </property>
        <property name="nbEtage" type="int">
            <column name="NBETAGE" />
        </property>
        <property name="nbBalcon" type="int">
            <column name="NBBALCON" />
        </property>
        <property name="Disponible" type="boolean">
            <column name="DISPONIBLE" />
        </property>
    </class>
</hibernate-mapping>
