<?xml version="1.0"?>
<!DOCTYPE hibernate-mapping PUBLIC "-//Hibernate/Hibernate Mapping DTD 3.0//EN"
"http://hibernate.sourceforge.net/hibernate-mapping-3.0.dtd">
<!-- Generated 4 juin 2017 23:31:35 by Hibernate Tools 3.5.0.Final -->
<hibernate-mapping>
    <class name="com.bo.Client" table="CLIENT">
        <id name="idCl" type="int">
            <column name="IDCL" />
            <generator class="increment" />
        </id>
        <property name="nom" type="java.lang.String">
            <column name="NOM" />
        </property>
        <property name="adresse" type="java.lang.String">
            <column name="ADRESSE" />
        </property>
        <property name="tel" type="int">
            <column name="TEL" />
        </property>
        <property name="email" type="java.lang.String">
            <column name="EMAIL" />
        </property>
        <property name="login" type="java.lang.String">
            <column name="LOGIN" />
        </property>
        <property name="mdp" type="java.lang.String">
            <column name="MDP" />
        </property>
    </class>
</hibernate-mapping>
