<?xml version="1.0"?>
<!DOCTYPE hibernate-mapping PUBLIC "-//Hibernate/Hibernate Mapping DTD 3.0//EN"
"http://hibernate.sourceforge.net/hibernate-mapping-3.0.dtd">
<!-- Generated 4 juin 2017 23:31:35 by Hibernate Tools 3.5.0.Final -->
<hibernate-mapping>
    <class name="com.bo.Transaction" table="TRANSACTION">
        <id name="idTrans" type="int">
            <column name="IDTRANS" />
            <generator class="increment" />
        </id>
        <property name="libelle" type="java.lang.String">
            <column name="LIBELLE" />
        </property>
    </class>
</hibernate-mapping>
