<?xml version="1.0" encoding="UTF-8"?>
<beans xmlns="http://www.springframework.org/schema/beans"
	xmlns:jee="http://www.springframework.org/schema/jee"
	xmlns:xsi="http://www.w3.org/2001/XMLSchema-instance"
	xmlns:tx="http://www.springframework.org/schema/tx"
	xmlns:aop="http://www.springframework.org/schema/aop"
	xsi:schemaLocation="
http://www.springframework.org/schema/beans http://www.springframework.org/schema/beans/spring-beans-2.0.xsd
http://www.springframework.org/schema/tx http://www.springframework.org/schema/tx/spring-tx-2.0.xsd
http://www.springframework.org/schema/aop http://www.springframework.org/schema/aop/spring-aop-2.0.xsd">
	<bean id="dataSource"
		class="org.springframework.jdbc.datasource.DriverManagerDataSource">
		<property name="driverClassName">
			<value>com.mysql.jdbc.Driver</value>
		</property> 
		<property name="url">
			<value>jdbc:mysql://localhost/gestion_immobiliere</value>
		</property> 
		<property name="username">
			<value>root</value>
		</property>
		<property name="password">
			<value>root</value>
		</property>
	</bean>


	<bean id="sessionFactory"
		class="org.springframework.orm.hibernate4.LocalSessionFactoryBean">
		<property name="dataSource" ref="dataSource">

		</property>
		<property name="mappingResources">
		<!-- La partie concernant les fichiers de mapping -->
			<list>
				<!--  <value>com/app/business/dao/hbm/Book.hbm.xml</value> -->
				
				<value>com/dao/hbm/Bien.hbm.xml</value>
				<value>com/dao/hbm/Client.hbm.xml</value>
				<value>com/dao/hbm/Commande.hbm.xml</value>
				<value>com/dao/hbm/Transaction.hbm.xml</value>
				 
			</list>
		</property>

		<property name="hibernateProperties">
			<props>
				<prop key="hibernate.dialect">
					org.hibernate.dialect.MySQL5Dialect
				</prop>
				<prop key="hibernate.hbm2ddl.auto">update</prop>

				<prop key="hibernate.transaction.factory_class">
					org.hibernate.transaction.JDBCTransactionFactory
				</prop>
			</props>

		</property>


	</bean>


	<bean id="transactionManager"
		class="org.springframework.orm.hibernate4.HibernateTransactionManager">
		<property name="sessionFactory">
			<ref bean="sessionFactory" />
		</property>
	</bean>

	<tx:advice id="defaultTxAdvice" transaction-manager="transactionManager">
		<tx:attributes>
			<tx:method name="save*" propagation="REQUIRED" />
			<tx:method name="update*" propagation="REQUIRED" />
			<tx:method name="delete*" propagation="REQUIRED" />
			<tx:method name="*" read-only="true" />
		</tx:attributes>
	</tx:advice>
	<aop:config>
	<!-- Toutes les classes du packages declare ci-dessous, et qui 
		 continnent le mot "service", seront interceptées par Spring pour préparer une 
		 transaction sur la base de données (ajout, mis à jour, ou suppression)
		  -->
		<aop:pointcut id="defaultServiceOperation"
			expression="execution(* com.services.impl.*Service*.*(..))" />
		<aop:advisor pointcut-ref="defaultServiceOperation"
			advice-ref="defaultTxAdvice" />
	</aop:config>


	<!-- Maintenant l'ajout de beans concernat les classes du projet actuel (l'ajout se fait 
		 automatiquement par Spring tool suite): 
		 -->
	<!-- cette partie est consacré à l'injection de dépendences entre les 3 beans, à savoir: 
		 les Dao, les Services, et les classes d'actions-->
		 
	<bean id="bienDao" class="com.dao.impl.BienDaoImpl">
		<property name="sessionFactory" ref="sessionFactory"></property>
	</bean>
	<bean id="clientDao" class="com.dao.impl.ClientDaoImpl">
		<property name="sessionFactory" ref="sessionFactory"></property>
	</bean>
	<bean id="commandeDao" class="com.dao.impl.CommandeDaoImpl">
		<property name="sessionFactory" ref="sessionFactory"></property>
	</bean>
	<bean id="transactionDao" class="com.dao.impl.TransactionDaoImpl">
		<property name="sessionFactory" ref="sessionFactory"></property>
	</bean>
	<bean id="clientService"
		class="com.services.impl.ClientServiceImpl">
		<property name="clientDao" ref="clientDao"></property>
		<property name="bienDao" ref="bienDao"></property>
		<property name="commandeDao" ref="commandeDao"></property>
		<property name="transactionDao" ref="transactionDao"></property>
	</bean>
	
	<bean id="bienService" 
		class="com.services.impl.BienServiceImpl">
		<property name="bienDao" ref="bienDao"></property>
		<property name="clientDao" ref="clientDao"></property>
		<property name="commandeDao" ref="commandeDao"></property>
		<property name="transactionDao" ref="transactionDao"></property>
	</bean>
	
	<bean id="commandeService" 
		class="com.services.impl.CommandeServiceImpl">
		<property name="bienDao" ref="bienDao"></property>
		<property name="clientDao" ref="clientDao"></property>
		<property name="commandeDao" ref="commandeDao"></property>
		<property name="transactionDao" ref="transactionDao"></property>
	</bean>
	
	<bean id="transactionService" 
		class="com.services.impl.TransactionServiceImpl">
		<property name="bienDao" ref="bienDao"></property>
		<property name="clientDao" ref="clientDao"></property>
		<property name="commandeDao" ref="commandeDao"></property>
		<property name="transactionDao" ref="transactionDao"></property>
	</bean>
	
	<!-- A ajouter ici pour les classes d'actions!! -->
	
	<bean id="clientAction" class="com.web.ClientAction" scope="prototype">
		<property name="clientService" ref="clientService"></property>
	</bean>

	<bean id="bienAction" class="com.web.BienAction" scope="prototype">
		<property name="bienService" ref="bienService"></property>
	</bean>
	
	<bean id="commandeAction" class="com.web.CommandeAction" scope="prototype">
		<property name="commandeService" ref="commandeService"></property> 
	</bean> 
	
	<bean id="transactionAction" class="com.web.TransactionAction" scope="prototype">
		<property name="transactionService" ref="transactionService"></property> 
	</bean> 
	
</beans>
