<beans:beans xmlns="http://www.springframework.org/schema/security"
	xmlns:beans="http://www.springframework.org/schema/beans" xmlns:xsi="http://www.w3.org/2001/XMLSchema-instance"
	xsi:schemaLocation="http://www.springframework.org/schema/beans
    http://www.springframework.org/schema/beans/spring-beans-4.3.xsd
    http://www.springframework.org/schema/security
    http://www.springframework.org/schema/security/spring-security-4.2.xsd">

	<http auto-config="true" use-expressions="true">
	
		<intercept-url pattern="/admin" access="ROLE_USER" />
		<intercept-url pattern="/pages*" access="ROLE_USER" />
<!-- 		<intercept-url pattern="/initFormClient**" access="hasRole('ROLE_USER')" /> -->
<!-- 		<intercept-url pattern="/initFormBien**" access="hasRole('ROLE_USER')" /> -->
		

<!-- 		<access-denied-handler error-page="/WEB-INF/Content/403.jsp" /> -->

		<form-login 
			login-page="/index" 
			default-target-url="/admin" 
			authentication-failure-url="/login?error" 
			username-parameter="username"	
			password-parameter="password" />
		<logout logout-success-url="/login?logout" />
		<!-- enable csrf protection -->
		<csrf/>

	</http>

	<authentication-manager erase-credentials="false">
		<authentication-provider>
			<user-service>
				<user name="saou" password="123456" authorities="ROLE_USER" />
			</user-service>
		</authentication-provider>
	</authentication-manager>
</beans:beans>