<?xml version="1.0" encoding="UTF-8" ?>
<!DOCTYPE struts PUBLIC
    "-//Apache Software Foundation//DTD Struts Configuration 2.0//EN"
    "http://struts.apache.org/dtds/struts-2.0.dtd">
  

<struts>

	<!-- c'est Spring maintenant qui gère le cycle de vie des classes d'action -->
	<constant name="struts.objectFactory" value="spring" />

	<constant name="struts.enable.DynamicMethodInvocation" value="false" />

	<constant name="struts.devMode" value="false" /> 


	<!-- Ici, je mets l'action par défaut,
		 qui s'occupe de charger les donées par défaut depuis la DB dans page web concernée. 
	 -->
	<package name="tp1package" namespace="/" extends="struts-default">

		<default-action-ref name="initAction" />


		<global-results>
			<result name="error">/pages/error.jsp</result>
		</global-results>


<!-- 		<action name="admin" class="com.ssh.actions.AdminAction" method="execute"> -->
<!-- 			<result name="success">/pages/access/admin.jsp</result> -->
<!-- 		</action> -->
		<action name="login">
			<result>/pages/access/login.jsp</result>
		</action> 
		<action name="initAction">
			<result>/pages/access/redirect.jsp</result>
		</action>


		<action name="addBienLink">
			<result>/pages/formAddBien.jsp</result>
		</action>
		<action name="addClientLink">
			<result>/pages/formAddClient.jsp</result>
		</action>
		<action name="addCommandeLink">
			<result>/pages/formAddCommande.jsp</result>
		</action>
		<action name="addTransactionLink">
			<result>/pages/formAddTransaction.jsp</result>
		</action>
		<action name="searchBienLink">
			<result>/pages/formSearchBien.jsp</result>
		</action>

		<!-- au-dessous: les 2 actions d'initialisation des 2 formulaires Client et Bien  -->
		<action name="initFormClient" class="clientAction" method="initFormClient">
			<result name="success">/pages/formAddClient.jsp</result>
		</action>
		
		<action name="initFormBien" class="bienAction" method="initFormBien">

			<result name="success">/pages/formAddBien.jsp</result>
		</action>
		<!-- au-dessus: les 2 actions d'initialisation des 2 formulaires Client et Bien  -->
		
		
		<action name="listBiens" class="bienAction" method="listBiens">
			<result name="success">/pages/listBiens.jsp</result>
		</action>
		
		
		<action name="listClients" class="clientAction" method="listClients">
			<result name="success">/pages/listClients.jsp</result>
		</action>
		
		<action name="listCommandes" class="commandeAction" method="listCommandes">
			<result name="success">/pages/listCommandes.jsp</result>
		</action>
		
		
		<action name="listTransactions" class="transactionAction" method="listTransactions">
			<result name="success">/pages/listeTransactions.jsp</result>
		</action>
		
		<action name="addBien" class="bienAction" method="addBien">
			<result name="input">/pages/formAddBien.jsp</result>
			<result name="success" type="redirect">listBiens</result>
	    </action>
		
		<action name="addClient" class="clientAction" method="addClient">
			<result name="input">/pages/formAddClient.jsp</result>
			<result name="success" type="redirect">listClients</result>
		</action>
		
		<action name="addCommande" class="commandeAction" method="addCommande">
			<result name="input">/pages/formAddCommande.jsp</result>
			<result name="success" type="redirect">listCommandes</result>
		</action>
		
		
		<action name="addTransaction" class="transactionAction" method="addTransaction">
			<result name="input">/pages/formAddTransaction.jsp</result>
			<result name="success" type="redirect">listTransactions</result>
		</action>
		
		<action name="searchBien" class="bienAction" method="searchBien">
			<!--<result name="input">/pages/formSearchBien.jsp</result>  -->
<!-- 			<result name="success" type="redirect">searchBien</result> -->
			<result name="success">/pages/searchBien.jsp</result>
		</action>
	
	</package>
 
</struts>
